original_image_path,label_path,description_label,element_type,original_bb,bb_x,bb_y,bb_width,bb_height,image_path,bb
/media/nvme_data/ehr_workflows/hf_home/hub/webui-7k-yolo-inner-box/test/images/1656128011145_default_1920-1080.jpg,/media/nvme_data/ehr_workflows/hf_home/hub/webui-7k-yolo-inner-box/test/labels/1656128011145_default_1920-1080.txt,the white down arrow button,button,"[0.0, 0.5, 0.11363145387772737, 0.013541666666666667, 0.008641175199827177]",0.5,0.1136314538777273,0.0135416666666666,0.0086411751998271,/bounding-box-labels/WebUI/cropped_images_even_split/1656128011145_default_1920-1080.jpg,"[0.5, 0.16035455278001612, 0.013541666666666667, 0.032232070910556]"
/media/nvme_data/ehr_workflows/hf_home/hub/webui-7k-yolo-inner-box/test/images/1656270456115_default_1366-768.jpg,/media/nvme_data/ehr_workflows/hf_home/hub/webui-7k-yolo-inner-box/test/labels/1656270456115_default_1366-768.txt,the Team section under 'Who we are',link,"[0.0, 0.4337481698389458, 0.8907151225666907, 0.027086383601756955, 0.014419610670511895]",0.4337481698389458,0.8907151225666907,0.0270863836017569,0.0144196106705118,/bounding-box-labels/WebUI/cropped_images_even_split/1656270456115_default_1366-768.jpg,"[0.4337481698389458, 0.9569160997732427, 0.027086383601756955, 0.022675736961451247]"
/media/nvme_data/ehr_workflows/hf_home/hub/webui-7k-yolo-inner-box/test/images/1656129686654_default_1920-1080.jpg,/media/nvme_data/ehr_workflows/hf_home/hub/webui-7k-yolo-inner-box/test/labels/1656129686654_default_1920-1080.txt,the 'WordPress.tv' logo,button,"[0.0, 0.309375, 0.03761533002129169, 0.109375, 0.014194464158977998]",0.309375,0.0376153300212916,0.109375,0.0141944641589779,/bounding-box-labels/WebUI/cropped_images_even_split/1656129686654_default_1920-1080.jpg,"[0.309375, 0.0410958904109589, 0.109375, 0.016116035455278]"
/media/nvme_data/ehr_workflows/hf_home/hub/webui-7k-yolo-inner-box/test/images/1656287763992_default_1366-768.jpg,/media/nvme_data/ehr_workflows/hf_home/hub/webui-7k-yolo-inner-box/test/labels/1656287763992_default_1366-768.txt,the 'Personal dictionary' link under Dictionaries,link,"[0.0, 0.12005856515373353, 0.2577751196172249, 0.11127379209370425, 0.022727272727272728]",0.1200585651537335,0.2577751196172249,0.1112737920937042,0.0227272727272727,/bounding-box-labels/WebUI/cropped_images_even_split/1656287763992_default_1366-768.jpg,"[0.12005856515373353, 0.2577751196172249, 0.11127379209370425, 0.022727272727272728]"
/media/nvme_data/ehr_workflows/hf_home/hub/webui-7k-yolo-inner-box/test/images/1656177266731_default_1280-720.jpg,/media/nvme_data/ehr_workflows/hf_home/hub/webui-7k-yolo-inner-box/test/labels/1656177266731_default_1280-720.txt,the 'Buy this domain' link,link,"[0.0, 0.5, 0.865015243902439, 1.0, 0.016829268292682928]",0.5,0.865015243902439,1.0,0.0168292682926829,/bounding-box-labels/WebUI/cropped_images_even_split/1656177266731_default_1280-720.jpg,"[0.5, 0.9050785973397824, 1.0, 0.020556227327690448]"
/media/nvme_data/ehr_workflows/hf_home/hub/webui-7k-yolo-inner-box/test/images/1655888994936_default_1280-720.jpg,/media/nvme_data/ehr_workflows/hf_home/hub/webui-7k-yolo-inner-box/test/labels/1655888994936_default_1280-720.txt,the 'Cheers' button,button,"[0.0, 0.760546875, 0.36670235546038543, 0.0390625, 0.014989293361884369]",0.760546875,0.3667023554603854,0.0390625,0.0149892933618843,/bounding-box-labels/WebUI/cropped_images_even_split/1655888994936_default_1280-720.jpg,"[0.76015625, 0.5259975816203144, 0.0390625, 0.03385731559854897]"
/media/nvme_data/ehr_workflows/hf_home/hub/webui-7k-yolo-inner-box/test/images/1655925513363_default_1366-768.jpg,/media/nvme_data/ehr_workflows/hf_home/hub/webui-7k-yolo-inner-box/test/labels/1655925513363_default_1366-768.txt,the 'Main' section,button,"[0.0, 0.047618502928257686, 0.05395101663585952, 0.03525347730600293, 0.041647412199630314]",0.0476185029282576,0.0539510166358595,0.0352534773060029,0.0416474121996303,/bounding-box-labels/WebUI/cropped_images_even_split/1655925513363_default_1366-768.jpg,"[0.047218155197657395, 0.04931972789115646, 0.03587115666178624, 0.05102040816326531]"
/media/nvme_data/ehr_workflows/hf_home/hub/webui-7k-yolo-inner-box/test/images/1655978984255_default_1536-864.jpg,/media/nvme_data/ehr_workflows/hf_home/hub/webui-7k-yolo-inner-box/test/labels/1655978984255_default_1536-864.txt,the post 'Redemption City James D Rasmussen',link,"[0.0, 0.7447916666666666, 0.4813913889564583, 0.13671875, 0.008027243979567016]",0.7447916666666666,0.4813913889564583,0.13671875,0.008027243979567,/bounding-box-labels/WebUI/cropped_images_even_split/1655978984255_default_1536-864.jpg,"[0.7447916666666666, 0.8402217741935484, 0.13671875, 0.03326612903225806]"
/media/nvme_data/ehr_workflows/hf_home/hub/webui-7k-yolo-inner-box/test/images/1656021309654_default_1536-864.jpg,/media/nvme_data/ehr_workflows/hf_home/hub/webui-7k-yolo-inner-box/test/labels/1656021309654_default_1536-864.txt,the 'Questions?' link,link,"[0.0, 0.54296875, 0.9649925190424374, 0.061197916666666664, 0.02176278563656148]",0.54296875,0.9649925190424374,0.0611979166666666,0.0217627856365614,/bounding-box-labels/WebUI/cropped_images_even_split/1656021309654_default_1536-864.jpg,"[0.54296875, 0.9649925190424374, 0.061197916666666664, 0.02176278563656148]"
/media/nvme_data/ehr_workflows/hf_home/hub/webui-7k-yolo-inner-box/test/images/1656209210966_default_1920-1080.jpg,/media/nvme_data/ehr_workflows/hf_home/hub/webui-7k-yolo-inner-box/test/labels/1656209210966_default_1920-1080.txt,the 'Video Scopes' button under 'Topics',button,"[0.0, 0.639013671875, 0.06108138256595965, 0.04010416666666667, 0.004138644593895499]",0.639013671875,0.0610813825659596,0.0401041666666666,0.0041386445938954,/bounding-box-labels/WebUI/cropped_images_even_split/1656209210966_default_1920-1080.jpg,"[0.6388020833333333, 0.038678485092667206, 0.04010416666666667, 0.0128928283642224]"
/media/nvme_data/ehr_workflows/hf_home/hub/webui-7k-yolo-inner-box/test/images/1656346792944_default_1366-768.jpg,/media/nvme_data/ehr_workflows/hf_home/hub/webui-7k-yolo-inner-box/test/labels/1656346792944_default_1366-768.txt,the 'TrafficWatcher' link,link,"[0.0, 0.3005124450951684, 0.9254411453930684, 0.07540263543191801, 0.006762468300929839]",0.3005124450951684,0.9254411453930684,0.075402635431918,0.0067624683009298,/bounding-box-labels/WebUI/cropped_images_even_split/1656346792944_default_1366-768.jpg,"[0.3005124450951684, 0.9614512471655329, 0.07540263543191801, 0.018140589569160998]"
/media/nvme_data/ehr_workflows/hf_home/hub/webui-7k-yolo-inner-box/test/images/1655964035918_default_1536-864.jpg,/media/nvme_data/ehr_workflows/hf_home/hub/webui-7k-yolo-inner-box/test/labels/1655964035918_default_1536-864.txt,the Main Menu button,button,"[0.0, 0.943634033203125, 0.024305555555555556, 0.050130208333333336, 0.016203703703703703]",0.943634033203125,0.0243055555555555,0.0501302083333333,0.0162037037037037,/bounding-box-labels/WebUI/cropped_images_even_split/1655964035918_default_1536-864.jpg,"[0.943634033203125, 0.024305555555555556, 0.050130208333333336, 0.016203703703703703]"
/media/nvme_data/ehr_workflows/hf_home/hub/webui-7k-yolo-inner-box/test/images/1655917592329_default_1366-768.jpg,/media/nvme_data/ehr_workflows/hf_home/hub/webui-7k-yolo-inner-box/test/labels/1655917592329_default_1366-768.txt,the 'Continue reading' link,link,"[0.0, 0.363103953147877, 0.46251790189760117, 0.1171303074670571, 0.007876834944504118]",0.363103953147877,0.4625179018976011,0.1171303074670571,0.0078768349445041,/bounding-box-labels/WebUI/cropped_images_even_split/1655917592329_default_1366-768.jpg,"[0.363103953147877, 0.20294784580498867, 0.1171303074670571, 0.024943310657596373]"
/media/nvme_data/ehr_workflows/hf_home/hub/webui-7k-yolo-inner-box/test/images/1656054307678_default_1920-1080.jpg,/media/nvme_data/ehr_workflows/hf_home/hub/webui-7k-yolo-inner-box/test/labels/1656054307678_default_1920-1080.txt,the 'Continue reading' button under 'Law Moses Army Harmon PDF',button,"[0.0, 0.4392496744791667, 0.20639987413884472, 0.05416666666666667, 0.005299417064122946]",0.4392496744791667,0.2063998741388447,0.0541666666666666,0.0052994170641229,/bounding-box-labels/WebUI/cropped_images_even_split/1656054307678_default_1920-1080.jpg,"[0.4390625, 0.016116035455278, 0.05416666666666667, 0.016116035455278]"
/media/nvme_data/ehr_workflows/hf_home/hub/webui-7k-yolo-inner-box/test/images/1656299665428_default_1280-720.jpg,/media/nvme_data/ehr_workflows/hf_home/hub/webui-7k-yolo-inner-box/test/labels/1656299665428_default_1280-720.txt,the 'Products' section,button,"[0.0, 0.20115830115830116, 0.023508771929824562, 0.05637065637065637, 0.013333333333333334]",0.2011583011583011,0.0235087719298245,0.0563706563706563,0.0133333333333333,/bounding-box-labels/WebUI/cropped_images_even_split/1656299665428_default_1280-720.jpg,"[0.20115830115830116, 0.01971326164874552, 0.05637065637065637, 0.022700119474313024]"
/media/nvme_data/ehr_workflows/hf_home/hub/webui-7k-yolo-inner-box/test/images/1656107902769_default_1280-720.jpg,/media/nvme_data/ehr_workflows/hf_home/hub/webui-7k-yolo-inner-box/test/labels/1656107902769_default_1280-720.txt,the 'Projects' section,button,"[0.0, 0.23514404296875, 0.142711672008547, 0.05078125, 0.017094017094017096]",0.23514404296875,0.142711672008547,0.05078125,0.017094017094017,/bounding-box-labels/WebUI/cropped_images_even_split/1656107902769_default_1280-720.jpg,"[0.23514404296875, 0.142711672008547, 0.05078125, 0.017094017094017096]"
/media/nvme_data/ehr_workflows/hf_home/hub/webui-7k-yolo-inner-box/test/images/1656079337839_default_1920-1080.jpg,/media/nvme_data/ehr_workflows/hf_home/hub/webui-7k-yolo-inner-box/test/labels/1656079337839_default_1920-1080.txt,the 'Books I enjoyed in 2018' link,link,"[0.0, 0.43697916666666664, 0.399537037037037, 0.09583333333333334, 0.01574074074074074]",0.4369791666666666,0.399537037037037,0.0958333333333333,0.0157407407407407,/bounding-box-labels/WebUI/cropped_images_even_split/1656079337839_default_1920-1080.jpg,"[0.43697916666666664, 0.399537037037037, 0.09583333333333334, 0.01574074074074074]"
/media/nvme_data/ehr_workflows/hf_home/hub/webui-7k-yolo-inner-box/test/images/1656110566257_default_1366-768.jpg,/media/nvme_data/ehr_workflows/hf_home/hub/webui-7k-yolo-inner-box/test/labels/1656110566257_default_1366-768.txt,'April 2015' link in 'Recent Posts',link,"[0.0, 0.7189558931185944, 0.44008458646616544, 0.04904831625183016, 0.003289473684210526]",0.7189558931185944,0.4400845864661654,0.0490483162518301,0.0032894736842105,/bounding-box-labels/WebUI/cropped_images_even_split/1656110566257_default_1366-768.jpg,"[0.7185212298682284, 0.891156462585034, 0.04904831625183016, 0.015873015873015872]"
/media/nvme_data/ehr_workflows/hf_home/hub/webui-7k-yolo-inner-box/test/images/1655933485504_default_1536-864.jpg,/media/nvme_data/ehr_workflows/hf_home/hub/webui-7k-yolo-inner-box/test/labels/1655933485504_default_1536-864.txt,'files to download' link,link,"[0.0, 0.5, 0.734375, 0.087890625, 0.02199074074074074]",0.5,0.734375,0.087890625,0.0219907407407407,/bounding-box-labels/WebUI/cropped_images_even_split/1655933485504_default_1536-864.jpg,"[0.5, 0.734375, 0.087890625, 0.02199074074074074]"
/media/nvme_data/ehr_workflows/hf_home/hub/webui-7k-yolo-inner-box/test/images/1656231550386_default_1920-1080.jpg,/media/nvme_data/ehr_workflows/hf_home/hub/webui-7k-yolo-inner-box/test/labels/1656231550386_default_1920-1080.txt,'2022 Dates' link,link,"[0.0, 0.0859375, 0.3314814814814815, 0.041666666666666664, 0.014814814814814815]",0.0859375,0.3314814814814815,0.0416666666666666,0.0148148148148148,/bounding-box-labels/WebUI/cropped_images_even_split/1656231550386_default_1920-1080.jpg,"[0.0859375, 0.3314814814814815, 0.041666666666666664, 0.014814814814814815]"
/media/nvme_data/ehr_workflows/hf_home/hub/webui-7k-yolo-inner-box/test/images/1656375821506_default_1366-768.jpg,/media/nvme_data/ehr_workflows/hf_home/hub/webui-7k-yolo-inner-box/test/labels/1656375821506_default_1366-768.txt,github icon,button,"[0.0, 0.5, 0.4440104166666667, 0.024158125915080528, 0.044270833333333336]",0.5,0.4440104166666667,0.0241581259150805,0.0442708333333333,/bounding-box-labels/WebUI/cropped_images_even_split/1656375821506_default_1366-768.jpg,"[0.5, 0.4440104166666667, 0.024158125915080528, 0.044270833333333336]"
/media/nvme_data/ehr_workflows/hf_home/hub/webui-7k-yolo-inner-box/test/images/1655998519066_default_1536-864.jpg,/media/nvme_data/ehr_workflows/hf_home/hub/webui-7k-yolo-inner-box/test/labels/1655998519066_default_1536-864.txt,'resources' link under 'learn about AEA',link,"[0.0, 0.041656494140625, 0.8640267175572519, 0.036458333333333336, 0.010178117048346057]",0.041656494140625,0.8640267175572519,0.0364583333333333,0.010178117048346,/bounding-box-labels/WebUI/cropped_images_even_split/1655998519066_default_1536-864.jpg,"[0.041015625, 0.7721774193548387, 0.036458333333333336, 0.020161290322580645]"
/media/nvme_data/ehr_workflows/hf_home/hub/webui-7k-yolo-inner-box/test/images/1655928932856_default_1366-768.jpg,/media/nvme_data/ehr_workflows/hf_home/hub/webui-7k-yolo-inner-box/test/labels/1655928932856_default_1366-768.txt,'Sign up for the Cauldron' button,button,"[0.0, 0.6652749816983895, 0.9486623282718727, 0.13543191800878476, 0.0072306579898770785]",0.6652749816983895,0.9486623282718728,0.1354319180087847,0.007230657989877,/bounding-box-labels/WebUI/cropped_images_even_split/1655928932856_default_1366-768.jpg,"[0.6650805270863837, 0.9897959183673469, 0.13543191800878476, 0.011337868480725623]"
/media/nvme_data/ehr_workflows/hf_home/hub/webui-7k-yolo-inner-box/test/images/1656171953352_default_1366-768.jpg,/media/nvme_data/ehr_workflows/hf_home/hub/webui-7k-yolo-inner-box/test/labels/1656171953352_default_1366-768.txt,the YouTube icon towards the bottom of the page,button,"[0.0, 0.8301610541727672, 0.9176137873312785, 0.03513909224011713, 0.005101498565203528]",0.8301610541727672,0.9176137873312784,0.0351390922401171,0.0051014985652035,/bounding-box-labels/WebUI/cropped_images_even_split/1656171953352_default_1366-768.jpg,"[0.8301610541727672, 0.9387755102040817, 0.03513909224011713, 0.05442176870748299]"
/media/nvme_data/ehr_workflows/hf_home/hub/webui-7k-yolo-inner-box/test/images/1656302694332_default_1366-768.jpg,/media/nvme_data/ehr_workflows/hf_home/hub/webui-7k-yolo-inner-box/test/labels/1656302694332_default_1366-768.txt,the 'Resources' section,button,"[0.0, 0.5343155197657394, 0.13907877604166666, 0.06734992679355783, 0.018229166666666668]",0.5343155197657394,0.1390787760416666,0.0673499267935578,0.0182291666666666,/bounding-box-labels/WebUI/cropped_images_even_split/1656302694332_default_1366-768.jpg,"[0.5343155197657394, 0.13907877604166666, 0.06734992679355783, 0.018229166666666668]"
/media/nvme_data/ehr_workflows/hf_home/hub/webui-7k-yolo-inner-box/test/images/1656213002581_default_1366-768.jpg,/media/nvme_data/ehr_workflows/hf_home/hub/webui-7k-yolo-inner-box/test/labels/1656213002581_default_1366-768.txt,'Check your FICO score' button,button,"[0.0, 0.19363103953147878, 0.3861290322580645, 0.1617862371888726, 0.012903225806451613]",0.1936310395314787,0.3861290322580645,0.1617862371888726,0.0129032258064516,/bounding-box-labels/WebUI/cropped_images_even_split/1656213002581_default_1366-768.jpg,"[0.19363103953147878, 0.5702947845804989, 0.1617862371888726, 0.022675736961451247]"
/media/nvme_data/ehr_workflows/hf_home/hub/webui-7k-yolo-inner-box/test/images/1656088723432_default_1280-720.jpg,/media/nvme_data/ehr_workflows/hf_home/hub/webui-7k-yolo-inner-box/test/labels/1656088723432_default_1280-720.txt,'VMWare Inc RabbitMO' link,link,"[0.0, 0.70703125, 0.1942067408651827, 0.103125, 0.005879882402351953]",0.70703125,0.1942067408651827,0.103125,0.0058798824023519,/bounding-box-labels/WebUI/cropped_images_even_split/1656088723432_default_1280-720.jpg,"[0.70703125, 0.4244256348246675, 0.103125, 0.016928657799274487]"
/media/nvme_data/ehr_workflows/hf_home/hub/webui-7k-yolo-inner-box/test/images/1656271433647_default_1536-864.jpg,/media/nvme_data/ehr_workflows/hf_home/hub/webui-7k-yolo-inner-box/test/labels/1656271433647_default_1536-864.txt,the text field next to 'Enter 1910',textfield,"[0.0, 0.11165364583333333, 0.08146158854166667, 0.048177083333333336, 0.025915075231481483]",0.1116536458333333,0.0814615885416666,0.0481770833333333,0.0259150752314814,/bounding-box-labels/WebUI/cropped_images_even_split/1656271433647_default_1536-864.jpg,"[0.11165364583333333, 0.08146158854166667, 0.048177083333333336, 0.025915075231481483]"
/media/nvme_data/ehr_workflows/hf_home/hub/webui-7k-yolo-inner-box/test/images/1656218324564_default_1920-1080.jpg,/media/nvme_data/ehr_workflows/hf_home/hub/webui-7k-yolo-inner-box/test/labels/1656218324564_default_1920-1080.txt,the 'BIGO LIVE' icon,button,"[0.0, 0.6421875, 0.3611160020400233, 0.0625, 0.00602596172527686]",0.6421875,0.3611160020400233,0.0625,0.0060259617252768,/bounding-box-labels/WebUI/cropped_images_even_split/1656218324564_default_1920-1080.jpg,"[0.6421875, 0.6039484286865431, 0.0625, 0.0249798549556809]"
/media/nvme_data/ehr_workflows/hf_home/hub/webui-7k-yolo-inner-box/test/images/1656029245473_default_1536-864.jpg,/media/nvme_data/ehr_workflows/hf_home/hub/webui-7k-yolo-inner-box/test/labels/1656029245473_default_1536-864.txt,the 'Work' section at the top of the page,button,"[0.0, 0.033793131510416664, 0.04450757575757576, 0.022013346354166668, 0.015151515151515152]",0.0337931315104166,0.0445075757575757,0.0220133463541666,0.0151515151515151,/bounding-box-labels/WebUI/cropped_images_even_split/1656029245473_default_1536-864.jpg,"[0.033528645833333336, 0.015120967741935484, 0.021484375, 0.016129032258064516]"
/media/nvme_data/ehr_workflows/hf_home/hub/webui-7k-yolo-inner-box/test/images/1655930395123_default_1280-720.jpg,/media/nvme_data/ehr_workflows/hf_home/hub/webui-7k-yolo-inner-box/test/labels/1655930395123_default_1280-720.txt,the 'Documentation' section under 'Community',button,"[0.0, 0.336328125, 0.9840852694153578, 0.09609375, 0.0041448516579406635]",0.336328125,0.9840852694153578,0.09609375,0.0041448516579406,/bounding-box-labels/WebUI/cropped_images_even_split/1655930395123_default_1280-720.jpg,"[0.336328125, 0.9848851269649335, 0.09609375, 0.022974607013301087]"
/media/nvme_data/ehr_workflows/hf_home/hub/webui-7k-yolo-inner-box/test/images/1655936581422_default_1536-864.jpg,/media/nvme_data/ehr_workflows/hf_home/hub/webui-7k-yolo-inner-box/test/labels/1655936581422_default_1536-864.txt,the textfield for password,textfield,"[0.0, 0.5436197916666666, 0.39134837962962965, 0.0859375, 0.016203703703703703]",0.5436197916666666,0.3913483796296296,0.0859375,0.0162037037037037,/bounding-box-labels/WebUI/cropped_images_even_split/1655936581422_default_1536-864.jpg,"[0.5436197916666666, 0.39134837962962965, 0.0859375, 0.016203703703703703]"
/media/nvme_data/ehr_workflows/hf_home/hub/webui-7k-yolo-inner-box/test/images/1655945649913_default_1920-1080.jpg,/media/nvme_data/ehr_workflows/hf_home/hub/webui-7k-yolo-inner-box/test/labels/1655945649913_default_1920-1080.txt,the 'Museum' section,button,"[0.0, 0.4505208333333333, 0.029706999457406402, 0.03125, 0.005154639175257732]",0.4505208333333333,0.0297069994574064,0.03125,0.0051546391752577,/bounding-box-labels/WebUI/cropped_images_even_split/1655945649913_default_1920-1080.jpg,"[0.4505208333333333, 0.031023368251410152, 0.03125, 0.015310233682514102]"
/media/nvme_data/ehr_workflows/hf_home/hub/webui-7k-yolo-inner-box/test/images/1655935307417_default_1920-1080.jpg,/media/nvme_data/ehr_workflows/hf_home/hub/webui-7k-yolo-inner-box/test/labels/1655935307417_default_1920-1080.txt,the heart icon above the 'University' glasses,button,"[0.0, 0.7739583333333333, 0.1058155208935105, 0.011458333333333333, 0.0021182360870402464]",0.7739583333333333,0.1058155208935105,0.0114583333333333,0.0021182360870402,/bounding-box-labels/WebUI/cropped_images_even_split/1655935307417_default_1920-1080.jpg,"[0.7739583333333333, 0.5576148267526189, 0.011458333333333333, 0.017727639000805803]"
/media/nvme_data/ehr_workflows/hf_home/hub/webui-7k-yolo-inner-box/test/images/1656149356956_default_1536-864.jpg,/media/nvme_data/ehr_workflows/hf_home/hub/webui-7k-yolo-inner-box/test/labels/1656149356956_default_1536-864.txt,the 'Buy' section at the top right of the page,button,"[0.0, 0.8362630208333334, 0.020034592101470166, 0.018880208333333332, 0.006341885269530124]",0.8362630208333334,0.0200345921014701,0.0188802083333333,0.0063418852695301,/bounding-box-labels/WebUI/cropped_images_even_split/1656149356956_default_1536-864.jpg,"[0.8362630208333334, 0.024193548387096774, 0.018880208333333332, 0.02217741935483871]"
/media/nvme_data/ehr_workflows/hf_home/hub/webui-7k-yolo-inner-box/test/images/1656007220042_default_1920-1080.jpg,/media/nvme_data/ehr_workflows/hf_home/hub/webui-7k-yolo-inner-box/test/labels/1656007220042_default_1920-1080.txt,the 'Indeed' link,link,"[0.0, 0.5065104166666666, 0.4878472222222222, 0.07447916666666667, 0.03518518518518519]",0.5065104166666666,0.4878472222222222,0.0744791666666666,0.0351851851851851,/bounding-box-labels/WebUI/cropped_images_even_split/1656007220042_default_1920-1080.jpg,"[0.5065104166666666, 0.4878472222222222, 0.07447916666666667, 0.03518518518518519]"
/media/nvme_data/ehr_workflows/hf_home/hub/webui-7k-yolo-inner-box/test/images/1656158883827_default_1366-768.jpg,/media/nvme_data/ehr_workflows/hf_home/hub/webui-7k-yolo-inner-box/test/labels/1656158883827_default_1366-768.txt,the '#40241' link,link,"[0.0, 0.5062225475841874, 0.3150419821393904, 0.04172767203513909, 0.0031061929722384003]",0.5062225475841874,0.3150419821393904,0.041727672035139,0.0031061929722384,/bounding-box-labels/WebUI/cropped_images_even_split/1656158883827_default_1366-768.jpg,"[0.5062225475841874, 0.23696145124716553, 0.04172767203513909, 0.018140589569160998]"
/media/nvme_data/ehr_workflows/hf_home/hub/webui-7k-yolo-inner-box/test/images/1655993946790_default_1536-864.jpg,/media/nvme_data/ehr_workflows/hf_home/hub/webui-7k-yolo-inner-box/test/labels/1655993946790_default_1536-864.txt,the 'Project Website' button,button,"[0.0, 0.4065755208333333, 0.1878720238095238, 0.07682291666666667, 0.023809523809523808]",0.4065755208333333,0.1878720238095238,0.0768229166666666,0.0238095238095238,/bounding-box-labels/WebUI/cropped_images_even_split/1655993946790_default_1536-864.jpg,"[0.4065755208333333, 0.1878720238095238, 0.07682291666666667, 0.023809523809523808]"
/media/nvme_data/ehr_workflows/hf_home/hub/webui-7k-yolo-inner-box/test/images/1656064166463_default_1920-1080.jpg,/media/nvme_data/ehr_workflows/hf_home/hub/webui-7k-yolo-inner-box/test/labels/1656064166463_default_1920-1080.txt,the 'robots.txt' link,link,"[0.0, 0.025, 0.1943865740740741, 0.041666666666666664, 0.013888888888888888]",0.025,0.1943865740740741,0.0416666666666666,0.0138888888888888,/bounding-box-labels/WebUI/cropped_images_even_split/1656064166463_default_1920-1080.jpg,"[0.025, 0.1943865740740741, 0.041666666666666664, 0.013888888888888888]"
/media/nvme_data/ehr_workflows/hf_home/hub/webui-7k-yolo-inner-box/test/images/1655899770543_default_1280-720.jpg,/media/nvme_data/ehr_workflows/hf_home/hub/webui-7k-yolo-inner-box/test/labels/1655899770543_default_1280-720.txt,the 'Press' link under 'Company',link,"[0.0, 0.757421875, 0.7667703619909503, 0.02734375, 0.013574660633484163]",0.757421875,0.7667703619909503,0.02734375,0.0135746606334841,/bounding-box-labels/WebUI/cropped_images_even_split/1655899770543_default_1280-720.jpg,"[0.757421875, 0.7744860943168077, 0.02734375, 0.018137847642079808]"
/media/nvme_data/ehr_workflows/hf_home/hub/webui-7k-yolo-inner-box/test/images/1656024626325_default_1280-720.jpg,/media/nvme_data/ehr_workflows/hf_home/hub/webui-7k-yolo-inner-box/test/labels/1656024626325_default_1280-720.txt,the 'Buy Instagram Followers UK' section,button,"[0.0, 0.153515625, 0.36612537764350456, 0.08359375, 0.015483383685800604]",0.153515625,0.3661253776435045,0.08359375,0.0154833836858006,/bounding-box-labels/WebUI/cropped_images_even_split/1656024626325_default_1280-720.jpg,"[0.153515625, 0.3004836759371221, 0.08359375, 0.049576783555018135]"
/media/nvme_data/ehr_workflows/hf_home/hub/webui-7k-yolo-inner-box/test/images/1656026865764_default_1920-1080.jpg,/media/nvme_data/ehr_workflows/hf_home/hub/webui-7k-yolo-inner-box/test/labels/1656026865764_default_1920-1080.txt,the 'About Project Gutenberg' link,link,"[0.0, 0.43826497395833336, 0.9517134721131186, 0.0916015625, 0.012568735271013355]",0.4382649739583333,0.9517134721131186,0.0916015625,0.0125687352710133,/bounding-box-labels/WebUI/cropped_images_even_split/1656026865764_default_1920-1080.jpg,"[0.43802083333333336, 0.9548751007252216, 0.09166666666666666, 0.0128928283642224]"
/media/nvme_data/ehr_workflows/hf_home/hub/webui-7k-yolo-inner-box/test/images/1656085940293_default_1920-1080.jpg,/media/nvme_data/ehr_workflows/hf_home/hub/webui-7k-yolo-inner-box/test/labels/1656085940293_default_1920-1080.txt,the 'CCleaner Info' section,link,"[0.0, 0.6877115885416667, 0.6001756244424621, 0.052083333333333336, 0.005129348795718109]",0.6877115885416667,0.6001756244424621,0.0520833333333333,0.0051293487957181,/bounding-box-labels/WebUI/cropped_images_even_split/1656085940293_default_1920-1080.jpg,"[0.6875, 0.6273166800966962, 0.052083333333333336, 0.018533440773569703]"
/media/nvme_data/ehr_workflows/hf_home/hub/webui-7k-yolo-inner-box/test/images/1655985118503_default_1920-1080.jpg,/media/nvme_data/ehr_workflows/hf_home/hub/webui-7k-yolo-inner-box/test/labels/1655985118503_default_1920-1080.txt,the 'good bug reports' link,link,"[0.0, 0.6880208333333333, 0.6629825367647059, 0.06979166666666667, 0.008088235294117648]",0.6880208333333333,0.6629825367647059,0.0697916666666666,0.0080882352941176,/bounding-box-labels/WebUI/cropped_images_even_split/1655985118503_default_1920-1080.jpg,"[0.6880208333333333, 0.621273166800967, 0.06979166666666667, 0.017727639000805803]"
/media/nvme_data/ehr_workflows/hf_home/hub/webui-7k-yolo-inner-box/test/images/1656356467456_default_1920-1080.jpg,/media/nvme_data/ehr_workflows/hf_home/hub/webui-7k-yolo-inner-box/test/labels/1656356467456_default_1920-1080.txt,the 'Documentation' section,button,"[0.0, 0.34661458333333334, 0.053522771506422734, 0.0640625, 0.007395873880887505]",0.3466145833333333,0.0535227715064227,0.0640625,0.0073958738808875,/bounding-box-labels/WebUI/cropped_images_even_split/1656356467456_default_1920-1080.jpg,"[0.34661458333333334, 0.053585817888799354, 0.0640625, 0.015310233682514102]"
/media/nvme_data/ehr_workflows/hf_home/hub/webui-7k-yolo-inner-box/test/images/1656231696234_default_1366-768.jpg,/media/nvme_data/ehr_workflows/hf_home/hub/webui-7k-yolo-inner-box/test/labels/1656231696234_default_1366-768.txt,the hyperlink for the name 'K. Fujiwara' in the 'Lightning talks' session,link,"[0.0, 0.6397213579795022, 0.19978282045165394, 0.07320644216691069, 0.0030216284987277355]",0.6397213579795022,0.1997828204516539,0.0732064421669106,0.0030216284987277,/bounding-box-labels/WebUI/cropped_images_even_split/1656231696234_default_1366-768.jpg,"[0.6390922401171303, 0.05045351473922902, 0.07320644216691069, 0.021541950113378686]"
/media/nvme_data/ehr_workflows/hf_home/hub/webui-7k-yolo-inner-box/test/images/1656115950634_default_1536-864.jpg,/media/nvme_data/ehr_workflows/hf_home/hub/webui-7k-yolo-inner-box/test/labels/1656115950634_default_1536-864.txt,the eye button in the password textfield,button,"[0.0, 0.6028645833333334, 0.34731264467592593, 0.011067708333333334, 0.04398148148148148]",0.6028645833333334,0.3473126446759259,0.0110677083333333,0.0439814814814814,/bounding-box-labels/WebUI/cropped_images_even_split/1656115950634_default_1536-864.jpg,"[0.6028645833333334, 0.34731264467592593, 0.011067708333333334, 0.04398148148148148]"
/media/nvme_data/ehr_workflows/hf_home/hub/webui-7k-yolo-inner-box/test/images/1656221421633_default_1536-864.jpg,/media/nvme_data/ehr_workflows/hf_home/hub/webui-7k-yolo-inner-box/test/labels/1656221421633_default_1536-864.txt,the link 'Creating backups with Tar',link,"[0.0, 0.719573974609375, 0.18721064814814814, 0.119140625, 0.018518518518518517]",0.719573974609375,0.1872106481481481,0.119140625,0.0185185185185185,/bounding-box-labels/WebUI/cropped_images_even_split/1656221421633_default_1536-864.jpg,"[0.719573974609375, 0.18721064814814814, 0.119140625, 0.018518518518518517]"
/media/nvme_data/ehr_workflows/hf_home/hub/webui-7k-yolo-inner-box/test/images/1655963348094_default_1920-1080.jpg,/media/nvme_data/ehr_workflows/hf_home/hub/webui-7k-yolo-inner-box/test/labels/1655963348094_default_1920-1080.txt,the 'Proton' logo on the upper left of the page,button,"[0.0, 0.07888997395833333, 0.005290256874504923, 0.051529947916666666, 0.002885594658820867]",0.0788899739583333,0.0052902568745049,0.0515299479166666,0.0028855946588208,/bounding-box-labels/WebUI/cropped_images_even_split/1655963348094_default_1920-1080.jpg,"[0.07864583333333333, 0.03746978243352135, 0.051041666666666666, 0.020145044319097503]"
/media/nvme_data/ehr_workflows/hf_home/hub/webui-7k-yolo-inner-box/test/images/1655918848449_default_1920-1080.jpg,/media/nvme_data/ehr_workflows/hf_home/hub/webui-7k-yolo-inner-box/test/labels/1655918848449_default_1920-1080.txt,the 'Privacy policy' link,link,"[0.0, 0.66171875, 0.5717230902777778, 0.0484375, 0.01925636574074074]",0.66171875,0.5717230902777778,0.0484375,0.0192563657407407,/bounding-box-labels/WebUI/cropped_images_even_split/1655918848449_default_1920-1080.jpg,"[0.66171875, 0.5717230902777778, 0.0484375, 0.01925636574074074]"
/media/nvme_data/ehr_workflows/hf_home/hub/webui-7k-yolo-inner-box/test/images/1656109973763_default_1280-720.jpg,/media/nvme_data/ehr_workflows/hf_home/hub/webui-7k-yolo-inner-box/test/labels/1656109973763_default_1280-720.txt,the 'Website' link towards the bottom of the page,link,"[0.0, 0.903125, 0.9894395968614719, 0.04375, 0.008658008658008658]",0.903125,0.989439596861472,0.04375,0.0086580086580086,/bounding-box-labels/WebUI/cropped_images_even_split/1656109973763_default_1280-720.jpg,"[0.903125, 0.9758162031438936, 0.04375, 0.019347037484885126]"
/media/nvme_data/ehr_workflows/hf_home/hub/webui-7k-yolo-inner-box/test/images/1655977917388_default_1280-720.jpg,/media/nvme_data/ehr_workflows/hf_home/hub/webui-7k-yolo-inner-box/test/labels/1655977917388_default_1280-720.txt,the 'Books' section,button,"[0.0, 0.271875, 0.8579234972677595, 0.090625, 0.02185792349726776]",0.271875,0.8579234972677595,0.090625,0.0218579234972677,/bounding-box-labels/WebUI/cropped_images_even_split/1655977917388_default_1280-720.jpg,"[0.271875, 0.8579234972677595, 0.090625, 0.02185792349726776]"
/media/nvme_data/ehr_workflows/hf_home/hub/webui-7k-yolo-inner-box/test/images/1656029610944_default_1280-720.jpg,/media/nvme_data/ehr_workflows/hf_home/hub/webui-7k-yolo-inner-box/test/labels/1656029610944_default_1280-720.txt,the 'Our Story' link towards the bottom of the page,link,"[0.0, 0.661328125, 0.7252721249408424, 0.0890625, 0.015617605300520587]",0.661328125,0.7252721249408424,0.0890625,0.0156176053005205,/bounding-box-labels/WebUI/cropped_images_even_split/1656029610944_default_1280-720.jpg,"[0.6609375, 0.782950423216445, 0.0890625, 0.03990326481257558]"
/media/nvme_data/ehr_workflows/hf_home/hub/webui-7k-yolo-inner-box/test/images/1656207677631_default_1366-768.jpg,/media/nvme_data/ehr_workflows/hf_home/hub/webui-7k-yolo-inner-box/test/labels/1656207677631_default_1366-768.txt,the link to 'Secure Hashed Passwords Using Dwd and Pwdhash',link,"[0.0, 0.493411420204978, 0.9367537768031189, 0.2679355783308931, 0.017543859649122806]",0.493411420204978,0.9367537768031188,0.2679355783308931,0.0175438596491228,/bounding-box-labels/WebUI/cropped_images_even_split/1656207677631_default_1366-768.jpg,"[0.493411420204978, 0.9399092970521542, 0.2679355783308931, 0.02040816326530612]"
/media/nvme_data/ehr_workflows/hf_home/hub/webui-7k-yolo-inner-box/test/images/1655995059183_default_1366-768.jpg,/media/nvme_data/ehr_workflows/hf_home/hub/webui-7k-yolo-inner-box/test/labels/1655995059183_default_1366-768.txt,the 'iPhone Apps' section,button,"[0.0, 0.49194729136163984, 0.03702260327357755, 0.06661786237188873, 0.011691348402182385]",0.4919472913616398,0.0370226032735775,0.0666178623718887,0.0116913484021823,/bounding-box-labels/WebUI/cropped_images_even_split/1655995059183_default_1366-768.jpg,"[0.49158125915080525, 0.023242630385487528, 0.06661786237188873, 0.017006802721088437]"
/media/nvme_data/ehr_workflows/hf_home/hub/webui-7k-yolo-inner-box/test/images/1656247777916_default_1280-720.jpg,/media/nvme_data/ehr_workflows/hf_home/hub/webui-7k-yolo-inner-box/test/labels/1656247777916_default_1280-720.txt,text box for 'your best email',textfield,"[0.0, 0.306640625, 0.8975847862431335, 0.1828125, 0.008598041557200859]",0.306640625,0.8975847862431335,0.1828125,0.0085980415572008,/bounding-box-labels/WebUI/cropped_images_even_split/1656247777916_default_1280-720.jpg,"[0.30625, 0.7678355501813785, 0.1828125, 0.04353083434099154]"
/media/nvme_data/ehr_workflows/hf_home/hub/webui-7k-yolo-inner-box/test/images/1656039746150_default_1920-1080.jpg,/media/nvme_data/ehr_workflows/hf_home/hub/webui-7k-yolo-inner-box/test/labels/1656039746150_default_1920-1080.txt,text box for searching gitlab,textfield,"[0.0, 0.8369791666666667, 0.012836970474967908, 0.16666666666666666, 0.02053915275994865]",0.8369791666666667,0.0128369704749679,0.1666666666666666,0.0205391527599486,/bounding-box-labels/WebUI/cropped_images_even_split/1656039746150_default_1920-1080.jpg,"[0.8369791666666667, 0.014504431909750202, 0.16666666666666666, 0.0257856567284448]"
/media/nvme_data/ehr_workflows/hf_home/hub/webui-7k-yolo-inner-box/test/images/1656228348126_default_1280-720.jpg,/media/nvme_data/ehr_workflows/hf_home/hub/webui-7k-yolo-inner-box/test/labels/1656228348126_default_1280-720.txt,email address text box,textfield,"[0.0, 0.5, 0.3625, 0.35, 0.058333333333333334]",0.5,0.3625,0.35,0.0583333333333333,/bounding-box-labels/WebUI/cropped_images_even_split/1656228348126_default_1280-720.jpg,"[0.5, 0.3625, 0.35, 0.058333333333333334]"
/media/nvme_data/ehr_workflows/hf_home/hub/webui-7k-yolo-inner-box/test/images/1656191665439_default_1366-768.jpg,/media/nvme_data/ehr_workflows/hf_home/hub/webui-7k-yolo-inner-box/test/labels/1656191665439_default_1366-768.txt,newsletter sign up textbox,textfield,"[0.0, 0.6876830161054173, 0.6865979381443299, 0.12792825768667643, 0.030927835051546393]",0.6876830161054173,0.6865979381443299,0.1279282576866764,0.0309278350515463,/bounding-box-labels/WebUI/cropped_images_even_split/1656191665439_default_1366-768.jpg,"[0.6874084919472914, 0.7335600907029478, 0.1273792093704246, 0.034013605442176874]"
/media/nvme_data/ehr_workflows/hf_home/hub/webui-7k-yolo-inner-box/test/images/1656064641599_default_1366-768.jpg,/media/nvme_data/ehr_workflows/hf_home/hub/webui-7k-yolo-inner-box/test/labels/1656064641599_default_1366-768.txt,searchbox,textfield,"[0.0, 0.4703513909224012, 0.0690406976744186, 0.41874084919472915, 0.027616279069767442]",0.4703513909224012,0.0690406976744186,0.4187408491947291,0.0276162790697674,/bounding-box-labels/WebUI/cropped_images_even_split/1656064641599_default_1366-768.jpg,"[0.4699853587115666, 0.07709750566893424, 0.41874084919472915, 0.04308390022675737]"
/media/nvme_data/ehr_workflows/hf_home/hub/webui-7k-yolo-inner-box/test/images/1656088750932_default_1920-1080.jpg,/media/nvme_data/ehr_workflows/hf_home/hub/webui-7k-yolo-inner-box/test/labels/1656088750932_default_1920-1080.txt,Google searchbox,textfield,"[0.0, 0.5515625, 0.7412037037037037, 0.13333333333333333, 0.019444444444444445]",0.5515625,0.7412037037037037,0.1333333333333333,0.0194444444444444,/bounding-box-labels/WebUI/cropped_images_even_split/1656088750932_default_1920-1080.jpg,"[0.5515625, 0.7412037037037037, 0.13333333333333333, 0.019444444444444445]"
/media/nvme_data/ehr_workflows/hf_home/hub/webui-7k-yolo-inner-box/test/images/1656158036860_default_1920-1080.jpg,/media/nvme_data/ehr_workflows/hf_home/hub/webui-7k-yolo-inner-box/test/labels/1656158036860_default_1920-1080.txt,the 'commentaire' searchbox,textfield,"[0.0, 0.5010416666666667, 0.7483411542381518, 0.3177083333333333, 0.030400670969933753]",0.5010416666666667,0.7483411542381518,0.3177083333333333,0.0304006709699337,/bounding-box-labels/WebUI/cropped_images_even_split/1656158036860_default_1920-1080.jpg,"[0.5010416666666667, 0.37308622078968573, 0.3177083333333333, 0.1434327155519742]"
/media/nvme_data/ehr_workflows/hf_home/hub/webui-7k-yolo-inner-box/test/images/1655996757908_default_1366-768.jpg,/media/nvme_data/ehr_workflows/hf_home/hub/webui-7k-yolo-inner-box/test/labels/1655996757908_default_1366-768.txt,the search box,textfield,"[0.0, 0.4816983894582723, 0.03125, 0.0951683748169839, 0.036458333333333336]",0.4816983894582723,0.03125,0.0951683748169839,0.0364583333333333,/bounding-box-labels/WebUI/cropped_images_even_split/1655996757908_default_1366-768.jpg,"[0.4816983894582723, 0.03125, 0.0951683748169839, 0.036458333333333336]"
/media/nvme_data/ehr_workflows/hf_home/hub/webui-7k-yolo-inner-box/test/images/1656286061199_default_1366-768.jpg,/media/nvme_data/ehr_workflows/hf_home/hub/webui-7k-yolo-inner-box/test/labels/1656286061199_default_1366-768.txt,the username textbox,textfield,"[0.0, 0.1321376281112738, 0.09700520833333333, 0.13103953147877012, 0.02734375]",0.1321376281112738,0.0970052083333333,0.1310395314787701,0.02734375,/bounding-box-labels/WebUI/cropped_images_even_split/1656286061199_default_1366-768.jpg,"[0.1321376281112738, 0.09700520833333333, 0.13103953147877012, 0.02734375]"
/media/nvme_data/ehr_workflows/hf_home/hub/webui-7k-yolo-inner-box/test/images/1655979478458_default_1366-768.jpg,/media/nvme_data/ehr_workflows/hf_home/hub/webui-7k-yolo-inner-box/test/labels/1655979478458_default_1366-768.txt,the email address textbox,textfield,"[0.0, 0.438506588579795, 0.8915319834450964, 0.3162518301610542, 0.011944677284157585]",0.438506588579795,0.8915319834450964,0.3162518301610542,0.0119446772841575,/bounding-box-labels/WebUI/cropped_images_even_split/1655979478458_default_1366-768.jpg,"[0.438506588579795, 0.9087301587301587, 0.3162518301610542, 0.06462585034013606]"
/media/nvme_data/ehr_workflows/hf_home/hub/webui-7k-yolo-inner-box/test/images/1656229219793_default_1366-768.jpg,/media/nvme_data/ehr_workflows/hf_home/hub/webui-7k-yolo-inner-box/test/labels/1656229219793_default_1366-768.txt,the search box,textfield,"[0.0, 0.4568081991215227, 0.7931262495834722, 0.13103953147877012, 0.006997667444185272]",0.4568081991215227,0.7931262495834722,0.1310395314787701,0.0069976674441852,/bounding-box-labels/WebUI/cropped_images_even_split/1656229219793_default_1366-768.jpg,"[0.4564421669106881, 0.8815192743764172, 0.13103953147877012, 0.023809523809523808]"
/media/nvme_data/ehr_workflows/hf_home/hub/webui-7k-yolo-inner-box/test/images/1656163146446_default_1366-768.jpg,/media/nvme_data/ehr_workflows/hf_home/hub/webui-7k-yolo-inner-box/test/labels/1656163146446_default_1366-768.txt,the email textbox,textfield,"[0.0, 0.5, 0.9377217980428003, 0.8740849194729137, 0.004086460909775245]",0.5,0.9377217980428004,0.8740849194729137,0.0040864609097752,/bounding-box-labels/WebUI/cropped_images_even_split/1656163146446_default_1366-768.jpg,"[0.5, 0.5374149659863946, 0.8740849194729137, 0.04308390022675737]"
/media/nvme_data/ehr_workflows/hf_home/hub/webui-7k-yolo-inner-box/test/images/1656337493343_default_1536-864.jpg,/media/nvme_data/ehr_workflows/hf_home/hub/webui-7k-yolo-inner-box/test/labels/1656337493343_default_1536-864.txt,the # of additional guests textbox,textfield,"[0.0, 0.16796875, 0.6190789473684211, 0.06510416666666667, 0.02631578947368421]",0.16796875,0.6190789473684211,0.0651041666666666,0.0263157894736842,/bounding-box-labels/WebUI/cropped_images_even_split/1656337493343_default_1536-864.jpg,"[0.16796875, 0.8487903225806451, 0.06510416666666667, 0.04032258064516129]"
/media/nvme_data/ehr_workflows/hf_home/hub/webui-7k-yolo-inner-box/test/images/1655910176576_default_1366-768.jpg,/media/nvme_data/ehr_workflows/hf_home/hub/webui-7k-yolo-inner-box/test/labels/1655910176576_default_1366-768.txt,the 'search docs' search box,textfield,"[0.0, 0.10980966325036604, 0.1182861328125, 0.20067715959004392, 0.037760416666666664]",0.109809663250366,0.1182861328125,0.2006771595900439,0.0377604166666666,/bounding-box-labels/WebUI/cropped_images_even_split/1655910176576_default_1366-768.jpg,"[0.10980966325036604, 0.1182861328125, 0.20067715959004392, 0.037760416666666664]"
/media/nvme_data/ehr_workflows/hf_home/hub/webui-7k-yolo-inner-box/test/images/1655960209814_default_1366-768.jpg,/media/nvme_data/ehr_workflows/hf_home/hub/webui-7k-yolo-inner-box/test/labels/1655960209814_default_1366-768.txt,the email address text field,textfield,"[0.0, 0.8707105600292826, 0.16758241758241757, 0.1907256588579795, 0.013486513486513486]",0.8707105600292826,0.1675824175824175,0.1907256588579795,0.0134865134865134,/bounding-box-labels/WebUI/cropped_images_even_split/1655960209814_default_1366-768.jpg,"[0.8704245973645681, 0.17290249433106575, 0.1903367496339678, 0.030612244897959183]"
/media/nvme_data/ehr_workflows/hf_home/hub/webui-7k-yolo-inner-box/test/images/1656354821306_default_1536-864.jpg,/media/nvme_data/ehr_workflows/hf_home/hub/webui-7k-yolo-inner-box/test/labels/1656354821306_default_1536-864.txt,the 'search this site' textbox,textfield,"[0.0, 0.2412109375, 0.3678385416666667, 0.09440104166666667, 0.028935185185185185]",0.2412109375,0.3678385416666667,0.0944010416666666,0.0289351851851851,/bounding-box-labels/WebUI/cropped_images_even_split/1656354821306_default_1536-864.jpg,"[0.2412109375, 0.3678385416666667, 0.09440104166666667, 0.028935185185185185]"
/media/nvme_data/ehr_workflows/hf_home/hub/webui-7k-yolo-inner-box/test/images/1656248176872_default_1280-720.jpg,/media/nvme_data/ehr_workflows/hf_home/hub/webui-7k-yolo-inner-box/test/labels/1656248176872_default_1280-720.txt,the searchbox,textfield,"[0.0, 0.71953125, 0.14742086752637748, 0.1421875, 0.013481828839390387]",0.71953125,0.1474208675263774,0.1421875,0.0134818288393903,/bounding-box-labels/WebUI/cropped_images_even_split/1656248176872_default_1280-720.jpg,"[0.71953125, 0.04232164449818621, 0.1421875, 0.02902055622732769]"
/media/nvme_data/ehr_workflows/hf_home/hub/webui-7k-yolo-inner-box/test/images/1656061121867_default_1366-768.jpg,/media/nvme_data/ehr_workflows/hf_home/hub/webui-7k-yolo-inner-box/test/labels/1656061121867_default_1366-768.txt,the searchbox,textfield,"[0.0, 0.7349926793557833, 0.26649958228905596, 0.06588579795021962, 0.011695906432748537]",0.7349926793557833,0.2664995822890559,0.0658857979502196,0.0116959064327485,/bounding-box-labels/WebUI/cropped_images_even_split/1656061121867_default_1366-768.jpg,"[0.7349926793557833, 0.1621315192743764, 0.06588579795021962, 0.015873015873015872]"
/media/nvme_data/ehr_workflows/hf_home/hub/webui-7k-yolo-inner-box/test/images/1655908268960_default_1920-1080.jpg,/media/nvme_data/ehr_workflows/hf_home/hub/webui-7k-yolo-inner-box/test/labels/1655908268960_default_1920-1080.txt,the email address text box,textfield,"[0.0, 0.7109375, 0.9643380458585599, 0.125, 0.0025058772381811156]",0.7109375,0.96433804585856,0.125,0.0025058772381811,/bounding-box-labels/WebUI/cropped_images_even_split/1655908268960_default_1920-1080.jpg,"[0.7109375, 0.7667203867848509, 0.125, 0.031426269137792104]"
/media/nvme_data/ehr_workflows/hf_home/hub/webui-7k-yolo-inner-box/test/images/1656277410990_default_1920-1080.jpg,/media/nvme_data/ehr_workflows/hf_home/hub/webui-7k-yolo-inner-box/test/labels/1656277410990_default_1920-1080.txt,the email text box,textfield,"[0.0, 0.5, 0.3837962962962963, 0.1578125, 0.037037037037037035]",0.5,0.3837962962962963,0.1578125,0.037037037037037,/bounding-box-labels/WebUI/cropped_images_even_split/1656277410990_default_1920-1080.jpg,"[0.5, 0.3837962962962963, 0.1578125, 0.037037037037037035]"
/media/nvme_data/ehr_workflows/hf_home/hub/webui-7k-yolo-inner-box/test/images/1656218735109_default_1366-768.jpg,/media/nvme_data/ehr_workflows/hf_home/hub/webui-7k-yolo-inner-box/test/labels/1656218735109_default_1366-768.txt,the first name text box,textfield,"[0.0, 0.5, 0.12221863914866173, 0.41874084919472915, 0.014833924540470816]",0.5,0.1222186391486617,0.4187408491947291,0.0148339245404708,/bounding-box-labels/WebUI/cropped_images_even_split/1656218735109_default_1366-768.jpg,"[0.5, 0.40476190476190477, 0.41874084919472915, 0.05215419501133787]"
/media/nvme_data/ehr_workflows/hf_home/hub/webui-7k-yolo-inner-box/test/images/1656265183404_default_1536-864.jpg,/media/nvme_data/ehr_workflows/hf_home/hub/webui-7k-yolo-inner-box/test/labels/1656265183404_default_1536-864.txt,the search box,textfield,"[0.0, 0.4257609049479167, 0.04748405386250886, 0.3280843098958333, 0.011339475549255847]",0.4257609049479167,0.0474840538625088,0.3280843098958333,0.0113394755492558,/bounding-box-labels/WebUI/cropped_images_even_split/1656265183404_default_1536-864.jpg,"[0.4254557291666667, 0.021169354838709676, 0.3274739583333333, 0.016129032258064516]"
/media/nvme_data/ehr_workflows/hf_home/hub/webui-7k-yolo-inner-box/test/images/1656235888385_default_1536-864.jpg,/media/nvme_data/ehr_workflows/hf_home/hub/webui-7k-yolo-inner-box/test/labels/1656235888385_default_1536-864.txt,the website textbox,textfield,"[0.0, 0.3697916666666667, 0.5156321493937314, 0.4609375, 0.010066346373827499]",0.3697916666666667,0.5156321493937314,0.4609375,0.0100663463738274,/bounding-box-labels/WebUI/cropped_images_even_split/1656235888385_default_1536-864.jpg,"[0.3697916666666667, 0.5040322580645161, 0.4609375, 0.04435483870967742]"
/media/nvme_data/ehr_workflows/hf_home/hub/webui-7k-yolo-inner-box/test/images/1655981877742_default_1366-768.jpg,/media/nvme_data/ehr_workflows/hf_home/hub/webui-7k-yolo-inner-box/test/labels/1655981877742_default_1366-768.txt,the search box,textfield,"[0.0, 0.8594321925329429, 0.020245071923281833, 0.15226939970717424, 0.009057005860415556]",0.8594321925329429,0.0202450719232818,0.1522693997071742,0.0090570058604155,/bounding-box-labels/WebUI/cropped_images_even_split/1655981877742_default_1366-768.jpg,"[0.8587115666178624, 0.047619047619047616, 0.15226939970717424, 0.03854875283446712]"
/media/nvme_data/ehr_workflows/hf_home/hub/webui-7k-yolo-inner-box/test/images/1656234267993_default_1536-864.jpg,/media/nvme_data/ehr_workflows/hf_home/hub/webui-7k-yolo-inner-box/test/labels/1656234267993_default_1536-864.txt,the email text box,textfield,"[0.0, 0.2786458333333333, 0.9572050041186162, 0.18229166666666666, 0.01070840197693575]",0.2786458333333333,0.9572050041186162,0.1822916666666666,0.0107084019769357,/bounding-box-labels/WebUI/cropped_images_even_split/1656234267993_default_1536-864.jpg,"[0.2786458333333333, 0.9425403225806451, 0.18229166666666666, 0.05241935483870968]"
/media/nvme_data/ehr_workflows/hf_home/hub/webui-7k-yolo-inner-box/test/images/1656079730433_default_1366-768.jpg,/media/nvme_data/ehr_workflows/hf_home/hub/webui-7k-yolo-inner-box/test/labels/1656079730433_default_1366-768.txt,the search box,textfield,"[0.0, 0.41142020497803805, 0.6272007042253521, 0.23718887262079064, 0.011443661971830986]",0.411420204978038,0.6272007042253521,0.2371888726207906,0.0114436619718309,/bounding-box-labels/WebUI/cropped_images_even_split/1656079730433_default_1366-768.jpg,"[0.41142020497803805, 0.5255102040816326, 0.23718887262079064, 0.01473922902494331]"
/media/nvme_data/ehr_workflows/hf_home/hub/webui-7k-yolo-inner-box/test/images/1656265578166_default_1366-768.jpg,/media/nvme_data/ehr_workflows/hf_home/hub/webui-7k-yolo-inner-box/test/labels/1656265578166_default_1366-768.txt,the hyperlink 'version 1.1',link,"[0.0, 0.49267935578330896, 0.22381671701913394, 0.07759882869692533, 0.023162134944612285]",0.4926793557833089,0.2238167170191339,0.0775988286969253,0.0231621349446122,/bounding-box-labels/WebUI/cropped_images_even_split/1656265578166_default_1366-768.jpg,"[0.49267935578330896, 0.19671201814058956, 0.07759882869692533, 0.026077097505668934]"
/media/nvme_data/ehr_workflows/hf_home/hub/webui-7k-yolo-inner-box/test/images/1655941103021_default_1366-768.jpg,/media/nvme_data/ehr_workflows/hf_home/hub/webui-7k-yolo-inner-box/test/labels/1655941103021_default_1366-768.txt,the ,link,"[0.0, 0.8685944363103953, 0.010388643351268255, 0.038799414348462666, 0.0058929028952088135]",0.8685944363103953,0.0103886433512682,0.0387994143484626,0.0058929028952088,/bounding-box-labels/WebUI/cropped_images_even_split/1655941103021_default_1366-768.jpg,"[0.8685944363103953, 0.04365079365079365, 0.038799414348462666, 0.026077097505668934]"
/media/nvme_data/ehr_workflows/hf_home/hub/webui-7k-yolo-inner-box/test/images/1656081427614_default_1280-720.jpg,/media/nvme_data/ehr_workflows/hf_home/hub/webui-7k-yolo-inner-box/test/labels/1656081427614_default_1280-720.txt,the log in button,button,"[0.0, 0.580078125, 0.4111111111111111, 0.05078125, 0.044444444444444446]",0.580078125,0.4111111111111111,0.05078125,0.0444444444444444,/bounding-box-labels/WebUI/cropped_images_even_split/1656081427614_default_1280-720.jpg,"[0.580078125, 0.4111111111111111, 0.05078125, 0.044444444444444446]"
/media/nvme_data/ehr_workflows/hf_home/hub/webui-7k-yolo-inner-box/test/images/1656127787657_default_1536-864.jpg,/media/nvme_data/ehr_workflows/hf_home/hub/webui-7k-yolo-inner-box/test/labels/1656127787657_default_1536-864.txt,the 'Contact' section,button,"[0.0, 0.3277994791666667, 0.9702919020715631, 0.036458333333333336, 0.0026365348399246705]",0.3277994791666667,0.9702919020715632,0.0364583333333333,0.0026365348399246,/bounding-box-labels/WebUI/cropped_images_even_split/1656127787657_default_1536-864.jpg,"[0.3274739583333333, 0.8472782258064516, 0.036458333333333336, 0.021169354838709676]"
/media/nvme_data/ehr_workflows/hf_home/hub/webui-7k-yolo-inner-box/test/images/1656101029439_default_1536-864.jpg,/media/nvme_data/ehr_workflows/hf_home/hub/webui-7k-yolo-inner-box/test/labels/1656101029439_default_1536-864.txt,the 'twitter' button,button,"[0.0, 0.334686279296875, 0.6871250576834333, 0.051432291666666664, 0.011998154130133826]",0.334686279296875,0.6871250576834333,0.0514322916666666,0.0119981541301338,/bounding-box-labels/WebUI/cropped_images_even_split/1656101029439_default_1536-864.jpg,"[0.3343098958333333, 0.6844758064516129, 0.051432291666666664, 0.02620967741935484]"
/media/nvme_data/ehr_workflows/hf_home/hub/webui-7k-yolo-inner-box/test/images/1656192803101_default_1920-1080.jpg,/media/nvme_data/ehr_workflows/hf_home/hub/webui-7k-yolo-inner-box/test/labels/1656192803101_default_1920-1080.txt,the 'cesky' link,link,"[0.0, 0.14791666666666667, 0.9313843191327501, 0.017708333333333333, 0.005325218714340053]",0.1479166666666666,0.93138431913275,0.0177083333333333,0.00532521871434,/bounding-box-labels/WebUI/cropped_images_even_split/1656192803101_default_1920-1080.jpg,"[0.14791666666666667, 0.8654311039484287, 0.017708333333333333, 0.011281224818694601]"
/media/nvme_data/ehr_workflows/hf_home/hub/webui-7k-yolo-inner-box/test/images/1656103043034_default_1920-1080.jpg,/media/nvme_data/ehr_workflows/hf_home/hub/webui-7k-yolo-inner-box/test/labels/1656103043034_default_1920-1080.txt,the submit button,button,"[0.0, 0.3546875, 0.5994802771855011, 0.03229166666666667, 0.014925373134328358]",0.3546875,0.5994802771855011,0.0322916666666666,0.0149253731343283,/bounding-box-labels/WebUI/cropped_images_even_split/1656103043034_default_1920-1080.jpg,"[0.3546875, 0.5515713134568896, 0.03229166666666667, 0.016921837228041903]"
/media/nvme_data/ehr_workflows/hf_home/hub/webui-7k-yolo-inner-box/test/images/1656150032224_default_1280-720.jpg,/media/nvme_data/ehr_workflows/hf_home/hub/webui-7k-yolo-inner-box/test/labels/1656150032224_default_1280-720.txt,the 'services@molluscular.com' link,link,"[0.0, 0.24765625, 0.451171875, 0.15, 0.02638888888888889]",0.24765625,0.451171875,0.15,0.0263888888888888,/bounding-box-labels/WebUI/cropped_images_even_split/1656150032224_default_1280-720.jpg,"[0.24765625, 0.451171875, 0.15, 0.02638888888888889]"
/media/nvme_data/ehr_workflows/hf_home/hub/webui-7k-yolo-inner-box/test/images/1656211905378_default_1536-864.jpg,/media/nvme_data/ehr_workflows/hf_home/hub/webui-7k-yolo-inner-box/test/labels/1656211905378_default_1536-864.txt,the 'npm' link,link,"[0.0, 0.622046370967742, 0.1527777777777778, 0.015483870967741935, 0.010101010101010102]",0.622046370967742,0.1527777777777778,0.0154838709677419,0.0101010101010101,/bounding-box-labels/WebUI/cropped_images_even_split/1656211905378_default_1536-864.jpg,"[0.6219354838709678, 0.015984015984015984, 0.015483870967741935, 0.015984015984015984]"
/media/nvme_data/ehr_workflows/hf_home/hub/webui-7k-yolo-inner-box/test/images/1655977684894_default_1920-1080.jpg,/media/nvme_data/ehr_workflows/hf_home/hub/webui-7k-yolo-inner-box/test/labels/1655977684894_default_1920-1080.txt,the 'innovation' section,button,"[0.0, 0.52109375, 0.11615785554728221, 0.0484375, 0.017870439314966492]",0.52109375,0.1161578555472822,0.0484375,0.0178704393149664,/bounding-box-labels/WebUI/cropped_images_even_split/1655977684894_default_1920-1080.jpg,"[0.52109375, 0.06688154713940371, 0.0484375, 0.019339242546333603]"
/media/nvme_data/ehr_workflows/hf_home/hub/webui-7k-yolo-inner-box/test/images/1656248101960_default_1920-1080.jpg,/media/nvme_data/ehr_workflows/hf_home/hub/webui-7k-yolo-inner-box/test/labels/1656248101960_default_1920-1080.txt,the checkout button,button,"[0.0, 0.6937418619791667, 0.32314814814814813, 0.17083333333333334, 0.053703703703703705]",0.6937418619791667,0.3231481481481481,0.1708333333333333,0.0537037037037037,/bounding-box-labels/WebUI/cropped_images_even_split/1656248101960_default_1920-1080.jpg,"[0.6937418619791667, 0.32314814814814813, 0.17083333333333334, 0.053703703703703705]"
/media/nvme_data/ehr_workflows/hf_home/hub/webui-7k-yolo-inner-box/test/images/1655947162860_default_1536-864.jpg,/media/nvme_data/ehr_workflows/hf_home/hub/webui-7k-yolo-inner-box/test/labels/1655947162860_default_1536-864.txt,the 'visit forum' button,button,"[0.0, 0.19392903645833334, 0.624142959476054, 0.09375, 0.022922636103151862]",0.1939290364583333,0.624142959476054,0.09375,0.0229226361031518,/bounding-box-labels/WebUI/cropped_images_even_split/1655947162860_default_1536-864.jpg,"[0.193359375, 0.7741935483870968, 0.09375, 0.056451612903225805]"
/media/nvme_data/ehr_workflows/hf_home/hub/webui-7k-yolo-inner-box/test/images/1656167730767_default_1280-720.jpg,/media/nvme_data/ehr_workflows/hf_home/hub/webui-7k-yolo-inner-box/test/labels/1656167730767_default_1280-720.txt,the 'http://nohello.com/' link,link,"[0.0, 0.33125, 0.6634152567094516, 0.0953125, 0.008751458576429404]",0.33125,0.6634152567094516,0.0953125,0.0087514585764294,/bounding-box-labels/WebUI/cropped_images_even_split/1656167730767_default_1280-720.jpg,"[0.33125, 0.9050785973397824, 0.0953125, 0.018137847642079808]"
/media/nvme_data/ehr_workflows/hf_home/hub/webui-7k-yolo-inner-box/test/images/1656122890844_default_1280-720.jpg,/media/nvme_data/ehr_workflows/hf_home/hub/webui-7k-yolo-inner-box/test/labels/1656122890844_default_1280-720.txt,the privacy policy button,button,"[0.0, 0.258203125, 0.0295952932786593, 0.12109375, 0.008914244963451596]",0.258203125,0.0295952932786593,0.12109375,0.0089142449634515,/bounding-box-labels/WebUI/cropped_images_even_split/1656122890844_default_1280-720.jpg,"[0.258203125, 0.18742442563482467, 0.12109375, 0.060459492140266025]"
/media/nvme_data/ehr_workflows/hf_home/hub/webui-7k-yolo-inner-box/test/images/1656256846704_default_1920-1080.jpg,/media/nvme_data/ehr_workflows/hf_home/hub/webui-7k-yolo-inner-box/test/labels/1656256846704_default_1920-1080.txt,the 'abuse/spam' button,button,"[0.0, 0.21796875, 0.01712962962962963, 0.050520833333333334, 0.019444444444444445]",0.21796875,0.0171296296296296,0.0505208333333333,0.0194444444444444,/bounding-box-labels/WebUI/cropped_images_even_split/1656256846704_default_1920-1080.jpg,"[0.21796875, 0.01712962962962963, 0.050520833333333334, 0.019444444444444445]"
/media/nvme_data/ehr_workflows/hf_home/hub/webui-7k-yolo-inner-box/test/images/1656068066999_default_1536-864.jpg,/media/nvme_data/ehr_workflows/hf_home/hub/webui-7k-yolo-inner-box/test/labels/1656068066999_default_1536-864.txt,the 'morse' link,link,"[0.0, 0.1826171875, 0.2635168209327163, 0.033203125, 0.006763972944108224]",0.1826171875,0.2635168209327163,0.033203125,0.0067639729441082,/bounding-box-labels/WebUI/cropped_images_even_split/1656068066999_default_1536-864.jpg,"[0.1826171875, 0.06300403225806452, 0.033203125, 0.019153225806451613]"
/media/nvme_data/ehr_workflows/hf_home/hub/webui-7k-yolo-inner-box/test/images/1656222245619_default_1280-720.jpg,/media/nvme_data/ehr_workflows/hf_home/hub/webui-7k-yolo-inner-box/test/labels/1656222245619_default_1280-720.txt,the password toggle,button,"[0.0, 0.511328125, 0.26458333333333334, 0.01015625, 0.018055555555555554]",0.511328125,0.2645833333333333,0.01015625,0.0180555555555555,/bounding-box-labels/WebUI/cropped_images_even_split/1656222245619_default_1280-720.jpg,"[0.511328125, 0.26458333333333334, 0.01015625, 0.018055555555555554]"
/media/nvme_data/ehr_workflows/hf_home/hub/webui-7k-yolo-inner-box/test/images/1655957703491_default_1920-1080.jpg,/media/nvme_data/ehr_workflows/hf_home/hub/webui-7k-yolo-inner-box/test/labels/1655957703491_default_1920-1080.txt,the twitter icon,button,"[0.0, 0.3493570963541667, 0.9606962380685008, 0.0109375, 0.012352610892756879]",0.3493570963541667,0.9606962380685008,0.0109375,0.0123526108927568,/bounding-box-labels/WebUI/cropped_images_even_split/1655957703491_default_1920-1080.jpg,"[0.34921875, 0.9798549556809025, 0.0109375, 0.017727639000805803]"
/media/nvme_data/ehr_workflows/hf_home/hub/webui-7k-yolo-inner-box/test/images/1656205737482_default_1280-720.jpg,/media/nvme_data/ehr_workflows/hf_home/hub/webui-7k-yolo-inner-box/test/labels/1656205737482_default_1280-720.txt,the 'Imprint' link,link,"[0.0, 0.1702392578125, 0.8257378472222222, 0.03671875, 0.020833333333333332]",0.1702392578125,0.8257378472222222,0.03671875,0.0208333333333333,/bounding-box-labels/WebUI/cropped_images_even_split/1656205737482_default_1280-720.jpg,"[0.1702392578125, 0.8257378472222222, 0.03671875, 0.020833333333333332]"
/media/nvme_data/ehr_workflows/hf_home/hub/webui-7k-yolo-inner-box/test/images/1655967429300_default_1366-768.jpg,/media/nvme_data/ehr_workflows/hf_home/hub/webui-7k-yolo-inner-box/test/labels/1655967429300_default_1366-768.txt,the 'https://fr.wikipedia.org/wiki/Mx_(titre)' link,link,"[0.0, 0.2515327598828697, 0.3595377604166667, 0.30307467057101023, 0.02734375]",0.2515327598828697,0.3595377604166667,0.3030746705710102,0.02734375,/bounding-box-labels/WebUI/cropped_images_even_split/1655967429300_default_1366-768.jpg,"[0.2515327598828697, 0.3595377604166667, 0.30307467057101023, 0.02734375]"
/media/nvme_data/ehr_workflows/hf_home/hub/webui-7k-yolo-inner-box/test/images/1656161484136_default_1920-1080.jpg,/media/nvme_data/ehr_workflows/hf_home/hub/webui-7k-yolo-inner-box/test/labels/1656161484136_default_1920-1080.txt,the 'Bean 3.2.9' link,link,"[0.0, 0.296875, 0.6920931018935979, 0.04479166666666667, 0.008566275924256087]",0.296875,0.6920931018935979,0.0447916666666666,0.008566275924256,/bounding-box-labels/WebUI/cropped_images_even_split/1656161484136_default_1920-1080.jpg,"[0.296875, 0.7538275584206285, 0.04479166666666667, 0.015310233682514102]"
/media/nvme_data/ehr_workflows/hf_home/hub/webui-7k-yolo-inner-box/test/images/1655958504073_default_1536-864.jpg,/media/nvme_data/ehr_workflows/hf_home/hub/webui-7k-yolo-inner-box/test/labels/1655958504073_default_1536-864.txt,the 'Assumpcao Jr Jecel M' link under Numeros Moidos com Elegancia,link,"[0.0, 0.06412760416666667, 0.3764361849390919, 0.11783854166666667, 0.010520487264673311]",0.0641276041666666,0.3764361849390919,0.1178385416666666,0.0105204872646733,/bounding-box-labels/WebUI/cropped_images_even_split/1655958504073_default_1536-864.jpg,"[0.06412760416666667, 0.6033266129032258, 0.11783854166666667, 0.019153225806451613]"
/media/nvme_data/ehr_workflows/hf_home/hub/webui-7k-yolo-inner-box/test/images/1656382581508_default_1536-864.jpg,/media/nvme_data/ehr_workflows/hf_home/hub/webui-7k-yolo-inner-box/test/labels/1656382581508_default_1536-864.txt,the 'Noteboard options' link,link,"[0.0, 0.9501953125, 0.11604817708333333, 0.07356770833333333, 0.018518518518518517]",0.9501953125,0.1160481770833333,0.0735677083333333,0.0185185185185185,/bounding-box-labels/WebUI/cropped_images_even_split/1656382581508_default_1536-864.jpg,"[0.9501953125, 0.11604817708333333, 0.07356770833333333, 0.018518518518518517]"
/media/nvme_data/ehr_workflows/hf_home/hub/webui-7k-yolo-inner-box/test/images/1655893613747_default_1920-1080.jpg,/media/nvme_data/ehr_workflows/hf_home/hub/webui-7k-yolo-inner-box/test/labels/1655893613747_default_1920-1080.txt,the 'assets/logo-wordmark-light.svg' link,link,"[0.0, 0.28529459635416665, 0.8455434667513765, 0.10833333333333334, 0.0063532401524777635]",0.2852945963541666,0.8455434667513765,0.1083333333333333,0.0063532401524777,/bounding-box-labels/WebUI/cropped_images_even_split/1655893613747_default_1920-1080.jpg,"[0.28489583333333335, 0.8980660757453667, 0.10833333333333334, 0.012087026591458501]"
/media/nvme_data/ehr_workflows/hf_home/hub/webui-7k-yolo-inner-box/test/images/1656185278649_default_1536-864.jpg,/media/nvme_data/ehr_workflows/hf_home/hub/webui-7k-yolo-inner-box/test/labels/1656185278649_default_1536-864.txt,the company name field,textfield,"[0.0, 0.572265625, 0.5414028083700441, 0.15755208333333334, 0.022026431718061675]",0.572265625,0.5414028083700441,0.1575520833333333,0.0220264317180616,/bounding-box-labels/WebUI/cropped_images_even_split/1656185278649_default_1536-864.jpg,"[0.572265625, 0.876008064516129, 0.15755208333333334, 0.04032258064516129]"
/media/nvme_data/ehr_workflows/hf_home/hub/webui-7k-yolo-inner-box/test/images/1656208056424_default_1366-768.jpg,/media/nvme_data/ehr_workflows/hf_home/hub/webui-7k-yolo-inner-box/test/labels/1656208056424_default_1366-768.txt,the password field,textfield,"[0.0, 0.5, 0.4765625, 0.212298682284041, 0.040364583333333336]",0.5,0.4765625,0.212298682284041,0.0403645833333333,/bounding-box-labels/WebUI/cropped_images_even_split/1656208056424_default_1366-768.jpg,"[0.5, 0.4765625, 0.212298682284041, 0.040364583333333336]"
/media/nvme_data/ehr_workflows/hf_home/hub/webui-7k-yolo-inner-box/test/images/1656201639106_default_1920-1080.jpg,/media/nvme_data/ehr_workflows/hf_home/hub/webui-7k-yolo-inner-box/test/labels/1656201639106_default_1920-1080.txt,the email address field,textfield,"[0.0, 0.625, 0.30582493164730007, 0.375, 0.008202323991797676]",0.625,0.3058249316473,0.375,0.0082023239917976,/bounding-box-labels/WebUI/cropped_images_even_split/1656201639106_default_1920-1080.jpg,"[0.625, 0.34891216760676874, 0.375, 0.048348106365834004]"
/media/nvme_data/ehr_workflows/hf_home/hub/webui-7k-yolo-inner-box/test/images/1656022779581_default_1366-768.jpg,/media/nvme_data/ehr_workflows/hf_home/hub/webui-7k-yolo-inner-box/test/labels/1656022779581_default_1366-768.txt,the email text box,textfield,"[0.0, 0.5, 0.45050048828125, 0.2664714494875549, 0.06770833333333333]",0.5,0.45050048828125,0.2664714494875549,0.0677083333333333,/bounding-box-labels/WebUI/cropped_images_even_split/1656022779581_default_1366-768.jpg,"[0.5, 0.45050048828125, 0.2664714494875549, 0.06770833333333333]"
/media/nvme_data/ehr_workflows/hf_home/hub/webui-7k-yolo-inner-box/test/images/1656270958534_default_1920-1080.jpg,/media/nvme_data/ehr_workflows/hf_home/hub/webui-7k-yolo-inner-box/test/labels/1656270958534_default_1920-1080.txt,the quick search text bar,textfield,"[0.0, 0.3020833333333333, 0.2757341056034483, 0.08333333333333333, 0.010775862068965518]",0.3020833333333333,0.2757341056034483,0.0833333333333333,0.0107758620689655,/bounding-box-labels/WebUI/cropped_images_even_split/1656270958534_default_1920-1080.jpg,"[0.3020833333333333, 0.28646253021756646, 0.08333333333333333, 0.020145044319097503]"
/media/nvme_data/ehr_workflows/hf_home/hub/webui-7k-yolo-inner-box/test/images/1655900794839_default_1280-720.jpg,/media/nvme_data/ehr_workflows/hf_home/hub/webui-7k-yolo-inner-box/test/labels/1655900794839_default_1280-720.txt,the email text box,textfield,"[0.0, 0.21433640880056778, 0.9148757241637078, 0.17885024840312277, 0.009530928798355447]",0.2143364088005677,0.9148757241637078,0.1788502484031227,0.0095309287983554,/bounding-box-labels/WebUI/cropped_images_even_split/1655900794839_default_1280-720.jpg,"[0.21433640880056778, 0.717032967032967, 0.17885024840312277, 0.056043956043956046]"
/media/nvme_data/ehr_workflows/hf_home/hub/webui-7k-yolo-inner-box/test/images/1655950308253_default_1280-720.jpg,/media/nvme_data/ehr_workflows/hf_home/hub/webui-7k-yolo-inner-box/test/labels/1655950308253_default_1280-720.txt,the email text box,textfield,"[0.0, 0.499993896484375, 0.17288649914821125, 0.40299072265625, 0.027257240204429302]",0.499993896484375,0.1728864991482112,0.40299072265625,0.0272572402044293,/bounding-box-labels/WebUI/cropped_images_even_split/1655950308253_default_1280-720.jpg,"[0.499609375, 0.04836759371221282, 0.40234375, 0.03869407496977025]"
/media/nvme_data/ehr_workflows/hf_home/hub/webui-7k-yolo-inner-box/test/images/1656200998924_default_1920-1080.jpg,/media/nvme_data/ehr_workflows/hf_home/hub/webui-7k-yolo-inner-box/test/labels/1656200998924_default_1920-1080.txt,the search posts bar,textfield,"[0.0, 0.4993489583333333, 0.05762963499420626, 0.28515625, 0.00764774044032445]",0.4993489583333333,0.0576296349942062,0.28515625,0.0076477404403244,/bounding-box-labels/WebUI/cropped_images_even_split/1656200998924_default_1920-1080.jpg,"[0.49921875, 0.028605962933118453, 0.28489583333333335, 0.0265914585012087]"
/media/nvme_data/ehr_workflows/hf_home/hub/webui-7k-yolo-inner-box/test/images/1656300520967_default_1536-864.jpg,/media/nvme_data/ehr_workflows/hf_home/hub/webui-7k-yolo-inner-box/test/labels/1656300520967_default_1536-864.txt,the main text field for 'leave a reply',textfield,"[0.0, 0.3372955322265625, 0.819567341862118, 0.416778564453125, 0.034399431414356786]",0.3372955322265625,0.819567341862118,0.416778564453125,0.0343994314143567,/bounding-box-labels/WebUI/cropped_images_even_split/1656300520967_default_1536-864.jpg,"[0.3372395833333333, 0.5020161290322581, 0.4166666666666667, 0.2439516129032258]"
/media/nvme_data/ehr_workflows/hf_home/hub/webui-7k-yolo-inner-box/test/images/1656108000869_default_1366-768.jpg,/media/nvme_data/ehr_workflows/hf_home/hub/webui-7k-yolo-inner-box/test/labels/1656108000869_default_1366-768.txt,the first name field,textfield,"[0.0, 0.7108345534407028, 0.8484319592198581, 0.30453879941434847, 0.0070921985815602835]",0.7108345534407028,0.8484319592198581,0.3045387994143484,0.0070921985815602,/bounding-box-labels/WebUI/cropped_images_even_split/1656108000869_default_1366-768.jpg,"[0.7108345534407028, 0.7845804988662132, 0.30453879941434847, 0.05442176870748299]"
/media/nvme_data/ehr_workflows/hf_home/hub/webui-7k-yolo-inner-box/test/images/1656004793271_default_1280-720.jpg,/media/nvme_data/ehr_workflows/hf_home/hub/webui-7k-yolo-inner-box/test/labels/1656004793271_default_1280-720.txt,the search box,textfield,"[0.0, 0.1171875, 0.025289017341040464, 0.203125, 0.009633911368015413]",0.1171875,0.0252890173410404,0.203125,0.0096339113680154,/bounding-box-labels/WebUI/cropped_images_even_split/1656004793271_default_1280-720.jpg,"[0.1171875, 0.07013301088270858, 0.203125, 0.04836759371221282]"
/media/nvme_data/ehr_workflows/hf_home/hub/webui-7k-yolo-inner-box/test/images/1656074988461_default_1920-1080.jpg,/media/nvme_data/ehr_workflows/hf_home/hub/webui-7k-yolo-inner-box/test/labels/1656074988461_default_1920-1080.txt,the search box,textfield,"[0.0, 0.30416666666666664, 0.037255401873924406, 0.11666666666666667, 0.0024858180891070177]",0.3041666666666666,0.0372554018739244,0.1166666666666666,0.002485818089107,/bounding-box-labels/WebUI/cropped_images_even_split/1656074988461_default_1920-1080.jpg,"[0.30416666666666664, 0.17848509266720386, 0.11666666666666667, 0.031426269137792104]"
/media/nvme_data/ehr_workflows/hf_home/hub/webui-7k-yolo-inner-box/test/images/1656315937904_default_1366-768.jpg,/media/nvme_data/ehr_workflows/hf_home/hub/webui-7k-yolo-inner-box/test/labels/1656315937904_default_1366-768.txt,the administrative domain changes letter link,link,"[0.0, 0.4172767203513909, 0.44882246376811596, 0.33382137628111275, 0.02318840579710145]",0.4172767203513909,0.4488224637681159,0.3338213762811127,0.0231884057971014,/bounding-box-labels/WebUI/cropped_images_even_split/1656315937904_default_1366-768.jpg,"[0.4172767203513909, 0.46598639455782315, 0.33382137628111275, 0.027210884353741496]"
/media/nvme_data/ehr_workflows/hf_home/hub/webui-7k-yolo-inner-box/test/images/1655985230442_default_1280-720.jpg,/media/nvme_data/ehr_workflows/hf_home/hub/webui-7k-yolo-inner-box/test/labels/1655985230442_default_1280-720.txt,the full screen button,button,"[0.0, 0.579296875, 0.7302936001042752, 0.06796875, 0.009384775808133473]",0.579296875,0.7302936001042752,0.06796875,0.0093847758081334,/bounding-box-labels/WebUI/cropped_images_even_split/1655985230442_default_1280-720.jpg,"[0.579296875, 0.5743651753325272, 0.06796875, 0.02176541717049577]"
/media/nvme_data/ehr_workflows/hf_home/hub/webui-7k-yolo-inner-box/test/images/1656308399523_default_1920-1080.jpg,/media/nvme_data/ehr_workflows/hf_home/hub/webui-7k-yolo-inner-box/test/labels/1656308399523_default_1920-1080.txt,the see features button under 'multi-tenant PBX',button,"[0.0, 0.3020833333333333, 0.3753253613424792, 0.0859375, 0.01224889759921607]",0.3020833333333333,0.3753253613424792,0.0859375,0.012248897599216,/bounding-box-labels/WebUI/cropped_images_even_split/1656308399523_default_1920-1080.jpg,"[0.30182291666666666, 0.5398871877518131, 0.0859375, 0.040290088638195005]"
