,gt_is_met,paths_to_screenshots,pred_rationale,pred_is_met,pred_raw_response,is_correct,task_type
0,True,"['0.png', '1.png', '2.png', '3.png', '4.png', '5.png', '6.png', '7.png', '8.png', '9.png', '10.png', '11.png']","The workflow was successfully completed. The final screenshot shows a list of issues in the keycloak/keycloak repository that have labels related to 'flaky-test', which was the goal of the workflow.",True,"```json
{
    ""rationale"": ""The workflow was successfully completed. The final screenshot shows a list of issues in the keycloak/keycloak repository that have labels related to 'flaky-test', which was the goal of the workflow."",
    ""was_completed"": true
}
```",True,true
1,False,"['0.png', '1.png']","The workflow was not completed successfully. The screenshots show the user navigating through a GitLab instance, exploring projects. However, the workflow requires displaying a list of issues with labels related to 'flaky-test' in the 'keycloak/keycloak' repository, which would likely be on GitHub, not GitLab. There is no indication in the screenshots that the user has accessed the 'keycloak/keycloak' repository or filtered issues by the 'flaky-test' label.",False,"```json
{
    ""rationale"": ""The workflow was not completed successfully. The screenshots show the user navigating through a GitLab instance, exploring projects. However, the workflow requires displaying a list of issues with labels related to 'flaky-test' in the 'keycloak/keycloak' repository, which would likely be on GitHub, not GitLab. There is no indication in the screenshots that the user has accessed the 'keycloak/keycloak' repository or filtered issues by the 'flaky-test' label."",
    ""was_completed"": false
}
```",True,truncate
2,False,"['0.png', '1.png', '2.png', '3.png', '4.png', '5.png', '6.png', '7.png', '8.png']","The workflow was not successfully completed. The task was to display the list of issues in the keycloak/keycloak repository that have labels related to 'flaky-test'. The final screenshot shows that the 'flaky-test' label was selected in the issues filter, but the list of issues with that label was not displayed before the sequence ended.",False,"```json
{
    ""rationale"": ""The workflow was not successfully completed. The task was to display the list of issues in the keycloak/keycloak repository that have labels related to 'flaky-test'. The final screenshot shows that the 'flaky-test' label was selected in the issues filter, but the list of issues with that label was not displayed before the sequence ended."",
    ""was_completed"": false
}
```",True,truncate
3,False,['0.png'],"The provided screenshot does not show the keycloak/keycloak repository or any issues with labels related to flaky-test. Instead, it shows a list of projects in a GitLab instance, which is not related to the specified workflow.",False,"```json
{
    ""rationale"": ""The provided screenshot does not show the keycloak/keycloak repository or any issues with labels related to flaky-test. Instead, it shows a list of projects in a GitLab instance, which is not related to the specified workflow."",
    ""was_completed"": false
}
```",True,truncate
